40.00,26.60 
40.00,26.50 
40.00,26.60 
39.00,26.30 
39.00,26.40 
39.00,26.20 
41.00,26.20 
40.00,26.40 
40.00,26.30 
39.00,26.30 
39.00,26.40 
39.00,26.30 
39.00,26.30 
39.00,26.40 
40.00,26.30 
39.00,25.70 
39.00,25.90 
39.00,25.80 
39.00,25.80 
39.00,25.90 
39.00,26.00 
39.00,25.80 
39.00,25.90 
39.00,25.80 
39.00,25.50 
39.00,25.30 
39.00,25.40 
39.00,25.00 
39.00,24.80 
39.00,24.40 
39.00,24.30 
40.00,25.50 
40.00,25.60 
40.00,25.70 
40.00,25.90 
41.00,25.40 
40.00,25.50 
41.00,25.30 
41.00,25.20 
41.00,25.10 
42.00,25.20 
40.00,25.10 
40.00,25.10 
40.00,25.10 
42.00,25.20 
42.00,25.10 
42.00,25.10 
42.00,25.10 
42.00,25.10 
42.00,25.10 
42.00,25.10 
42.00,25.10 
42.00,25.10 
42.00,25.10 
42.00,25.10 
42.00,25.10 
42.00,25.10 
42.00,25.10 
42.00,25.10 
42.00,25.10 
42.00,25.10 
42.00,25.10 
42.00,25.10 
42.00,25.10 
42.00,25.20 
41.00,25.10 
42.00,25.20 
42.00,25.20 
42.00,25.20 
41.00,25.10 
42.00,25.20 
40.00,25.10 
40.00,25.10 
40.00,25.10 
42.00,25.20 
40.00,25.10 
40.00,25.10 
40.00,25.10 
42.00,25.20 
41.00,25.10 
42.00,25.20 
42.00,25.20 
42.00,25.20 
42.00,25.10 
42.00,25.20 
41.00,25.10 
42.00,25.20 
42.00,25.10 
40.00,25.20 
40.00,25.20 
40.00,25.20 
40.00,25.20 
40.00,25.20 
41.00,25.40 
41.00,25.30 
41.00,25.30 
41.00,25.30 
41.00,25.30 
41.00,25.30 
41.00,25.30 
41.00,25.30 
41.00,25.40 
41.00,25.30 
41.00,25.40 
41.00,25.30 
41.00,25.30 
41.00,25.30 
41.00,25.40 
41.00,25.30 
41.00,25.40 
41.00,25.30 
41.00,25.30 
41.00,25.30 
41.00,25.30 
41.00,25.30 
42.00,25.10 
42.00,25.20 
40.00,25.10 
40.00,25.00 
40.00,25.00 
40.00,25.00 
42.00,25.10 
42.00,25.00 
42.00,25.10 
42.00,25.00 
42.00,25.00 
42.00,25.00 
42.00,25.10 
41.00,25.00 
41.00,25.00 
41.00,25.00 
42.00,25.10 
41.00,25.00 
42.00,25.10 
41.00,25.00 
42.00,25.10 
42.00,25.20 
42.00,25.10 
42.00,25.10 
42.00,24.70 
42.00,24.70 
42.00,24.70 
43.00,24.90 
42.00,24.80 
43.00,24.90 
42.00,24.80 
43.00,24.90 
42.00,24.80 
42.00,24.90 
42.00,24.80 
43.00,24.90 
43.00,25.00 
42.00,24.90 
43.00,25.00 
43.00,25.10 
43.00,25.00 
43.00,25.10 
41.00,25.00 
41.00,25.10 
41.00,25.10 
43.00,25.00 
43.00,25.00 
43.00,25.00 
43.00,25.00 
64.00,25.10 
75.00,25.20 
95.00,25.60 
95.00,25.80 
95.00,26.80 
95.00,28.00 
73.00,28.80 
55.00,29.00 
24.500000,44.000000,1
25.299999,46.000000,3
25.799999,43.000000,2
24.500000,44.000000,1
25.299999,46.000000,3
25.799999,43.000000,2
24.500000,44.000000,1
25.299999,46.000000,3
25.799999,43.000000,2
24.500000,44.000000,1
25.299999,46.000000,3
25.799999,43.000000,2
24.500000,44.000000,1
25.299999,46.000000,3
25.799999,43.000000,2
24.500000,44.000000,1
25.299999,46.000000,3
25.799999,43.000000,2
24.500000,44.000000,1
25.299999,46.000000,3
25.799999,43.000000,2
24.500000,44.000000,1
25.299999,46.000000,3
25.799999,43.000000,2
24.500000,44.000000,1
25.299999,46.000000,3
25.799999,43.000000,2
24.500000,44.000000,1
25.299999,46.000000,3
25.799999,43.000000,2
24.500000,44.000000,1
25.299999,46.000000,3
25.799999,43.000000,2
24.500000,44.000000,1
25.299999,46.000000,3
25.799999,43.000000,2
24.500000,44.000000,1
25.299999,46.000000,3
25.799999,43.000000,2
24.500000,44.000000,1
25.299999,46.000000,3
25.799999,43.000000,2
24.500000,44.000000,1
25.299999,46.000000,3
25.799999,43.000000,2
24.500000,44.000000,1
25.299999,46.000000,3
25.799999,43.000000,2
24.500000,44.000000,1
25.299999,46.000000,3
25.799999,43.000000,2
24.500000,44.000000,1
25.299999,46.000000,3
25.799999,43.000000,2
24.500000,44.000000,1
25.299999,46.000000,3
25.799999,43.000000,2
24.500000,44.000000,1
25.299999,46.000000,3
25.799999,43.000000,2
24.500000,44.000000,1
25.299999,46.000000,3
25.799999,43.000000,2
24.500000,44.000000,1
25.299999,46.000000,3
25.799999,43.000000,2
24.500000,44.000000,1
25.299999,46.000000,3
25.799999,43.000000,2
24.500000,44.000000,1
25.299999,46.000000,3
25.799999,43.000000,2
24.500000,44.000000,1
25.299999,46.000000,3
25.799999,43.000000,2
24.500000,44.000000,1
25.299999,46.000000,3
25.799999,43.000000,2
24.500000,44.000000,1
25.299999,46.000000,3
25.799999,43.000000,2
24.500000,44.000000,1
25.299999,46.000000,3
25.799999,43.000000,2
24.500000,44.000000,1
25.299999,46.000000,3
25.799999,43.000000,2
24.500000,44.000000,1
25.299999,46.000000,3
25.799999,43.000000,2
24.500000,44.000000,1
25.299999,46.000000,3
25.799999,43.000000,2
24.500000,44.000000,1
25.299999,46.000000,3
25.799999,43.000000,2
24.500000,44.000000,1
25.299999,46.000000,3
25.799999,43.000000,2
24.500000,44.000000,1
25.299999,46.000000,3
25.900000,43.000000,2
24.500000,44.000000,1
25.299999,45.000000,3
25.900000,43.000000,2
24.500000,44.000000,1
25.299999,45.000000,3
25.799999,43.000000,2
24.500000,44.000000,1
25.299999,45.000000,3
25.799999,43.000000,2
24.500000,44.000000,1
25.299999,45.000000,3
25.799999,43.000000,2
24.500000,44.000000,1
25.299999,45.000000,3
25.799999,43.000000,2
24.500000,44.000000,1
25.299999,45.000000,3
25.799999,43.000000,2
24.500000,44.000000,1
25.299999,45.000000,3
25.799999,43.000000,2
24.500000,44.000000,1
25.299999,45.000000,3
25.799999,43.000000,2
24.500000,44.000000,1
25.299999,45.000000,3
25.799999,43.000000,2
24.500000,44.000000,1
25.299999,45.000000,3
25.799999,43.000000,2
24.500000,44.000000,1
25.299999,45.000000,3
25.799999,43.000000,2
24.500000,44.000000,1
25.299999,45.000000,3
25.799999,43.000000,2
24.500000,44.000000,1
25.299999,45.000000,3
25.799999,43.000000,2
24.600000,44.000000,1
25.299999,45.000000,3
25.799999,43.000000,2
24.600000,44.000000,1
25.299999,45.000000,3
25.799999,43.000000,2
24.799999,44.000000,1
25.299999,45.000000,3
25.799999,43.000000,2
24.799999,44.000000,1
25.299999,45.000000,3
25.799999,43.000000,2
24.799999,44.000000,1
25.299999,45.000000,3
25.799999,43.000000,2
24.799999,44.000000,1
25.299999,45.000000,3
25.799999,43.000000,2
24.799999,44.000000,1
25.299999,45.000000,3
25.799999,43.000000,2
24.799999,44.000000,1
25.299999,45.000000,3
25.799999,43.000000,2
24.799999,44.000000,1
25.299999,45.000000,3
25.799999,43.000000,2
24.799999,44.000000,1
25.299999,45.000000,3
25.799999,43.000000,2
24.799999,44.000000,1
25.299999,45.000000,3
25.799999,43.000000,2
24.799999,44.000000,1
25.299999,45.000000,3
25.799999,43.000000,2
24.799999,44.000000,1
25.299999,45.000000,3
25.799999,43.000000,2
24.799999,44.000000,1
25.299999,45.000000,3
25.799999,43.000000,2
24.799999,44.000000,1
25.299999,45.000000,3
25.799999,43.000000,2
24.799999,44.000000,1
25.299999,45.000000,3
25.799999,43.000000,2
24.799999,44.000000,1
25.299999,45.000000,3
25.799999,43.000000,2
24.799999,44.000000,1
25.299999,45.000000,3
25.799999,43.000000,2
24.700001,44.000000,1
25.299999,45.000000,3
25.799999,43.000000,2
24.600000,44.000000,1
25.299999,45.000000,3
25.799999,43.000000,2
24.500000,44.000000,1
26.200001,43.000000,2
24.500000,44.000000,1
25.299999,45.000000,3
26.200001,43.000000,2
24.500000,44.000000,1
25.299999,45.000000,3
26.200001,43.000000,2
24.500000,44.000000,1
25.299999,45.000000,3
26.200001,43.000000,2
24.500000,44.000000,1
25.299999,45.000000,3
26.200001,43.000000,2
24.500000,44.000000,1
25.299999,45.000000,3
26.200001,43.000000,2
24.500000,44.000000,1
25.299999,45.000000,3
26.200001,43.000000,2
24.500000,44.000000,1
25.299999,45.000000,3
26.200001,43.000000,2
24.500000,44.000000,1
25.299999,45.000000,3
26.200001,43.000000,2
24.500000,44.000000,1
25.299999,45.000000,3
26.200001,43.000000,2
24.500000,44.000000,1
25.299999,45.000000,3
26.200001,43.000000,2
24.500000,44.000000,1
25.299999,45.000000,3
26.200001,43.000000,2
24.500000,44.000000,1
25.299999,45.000000,3
26.200001,43.000000,2
24.500000,44.000000,1
25.299999,45.000000,3
26.200001,43.000000,2
24.500000,44.000000,1
25.299999,45.000000,3
26.200001,43.000000,2
24.500000,44.000000,1
25.299999,45.000000,3
26.200001,43.000000,2
24.500000,44.000000,1
25.299999,45.000000,3
26.200001,43.000000,2
24.500000,44.000000,1
25.299999,45.000000,3
26.200001,43.000000,2
24.500000,44.000000,1
25.299999,45.000000,3
26.200001,43.000000,2
24.500000,44.000000,1
25.299999,45.000000,3
26.200001,43.000000,2
24.500000,44.000000,1
25.299999,45.000000,3
26.200001,43.000000,2
24.500000,44.000000,1
25.299999,45.000000,3
26.200001,43.000000,2
24.500000,44.000000,1
25.299999,45.000000,3
26.200001,43.000000,2
24.500000,44.000000,1
25.299999,45.000000,3
26.200001,43.000000,2
24.500000,44.000000,1
25.299999,45.000000,3
26.200001,43.000000,2
24.500000,44.000000,1
25.299999,45.000000,3
26.200001,43.000000,2
24.500000,44.000000,1
25.299999,45.000000,3
26.200001,43.000000,2
24.500000,44.000000,1
25.299999,45.000000,3
26.200001,43.000000,2
24.500000,44.000000,1
25.299999,45.000000,3
26.200001,43.000000,2
24.500000,44.000000,1
25.299999,45.000000,3
26.200001,43.000000,2
24.600000,44.000000,1
25.299999,45.000000,3
26.200001,43.000000,2
24.799999,44.000000,1
25.299999,45.000000,3
26.200001,43.000000,2
24.799999,44.000000,1
25.299999,45.000000,3
26.200001,43.000000,2
24.799999,44.000000,1
25.299999,45.000000,3
26.200001,43.000000,2
24.799999,44.000000,1
25.500000,44.000000,2
nan,nan,3
25.799999,44.000000,1
25.299999,44.000000,2
nan,nan,3
25.799999,43.000000,1
25.299999,44.000000,2
nan,nan,3
25.799999,43.000000,1
25.299999,44.000000,2
nan,nan,3
25.799999,43.000000,1
25.299999,44.000000,2
nan,nan,3
25.799999,43.000000,1
25.299999,44.000000,2
nan,nan,3
25.799999,43.000000,1
25.299999,44.000000,2
nan,nan,3
25.799999,43.000000,1
25.299999,44.000000,2
nan,nan,3
25.299999,44.000000,2
nan,nan,3
25.799999,43.000000,1
25.299999,44.000000,2
nan,nan,3
25.299999,43.000000,1
25.299999,44.000000,2
nan,nan,3
25.299999,44.000000,2
nan,nan,3
25.299999,44.000000,2
nan,nan,3
25.299999,44.000000,2
nan,nan,3
25.299999,44.000000,2
nan,nan,3
25.299999,44.000000,2
24.799999,44.000000,2
24.799999,44.000000,2
24.799999,44.000000,2
nan,nan,3
25.299999,44.000000,1
24.799999,44.000000,2
nan,nan,3
25.299999,44.000000,1
24.799999,44.000000,2
nan,nan,3
25.299999,44.000000,1
24.799999,44.000000,2
nan,nan,3
25.299999,44.000000,1
24.799999,44.000000,2
nan,nan,3
25.299999,44.000000,1
24.799999,44.000000,2
nan,nan,3
24.799999,44.000000,2
nan,nan,2
nan,nan,3
25.799999,44.000000,1
nan,nan,2
nan,nan,3
25.799999,44.000000,1
nan,nan,2
nan,nan,3
25.799999,44.000000,1
nan,nan,2
nan,nan,3
25.799999,44.000000,1
26.200001,43.000000,1
26.200001,45.000000,2
27.600000,42.000000,3
26.200001,43.000000,1
26.200001,45.000000,2
27.600000,42.000000,3
26.200001,43.000000,1
26.200001,45.000000,2
27.600000,42.000000,3
26.200001,43.000000,1
26.200001,44.000000,2
27.600000,42.000000,3
26.200001,43.000000,1
26.200001,44.000000,2
27.400000,42.000000,3
26.200001,43.000000,1
26.200001,44.000000,2
27.100000,42.000000,3
26.200001,43.000000,1
26.200001,44.000000,2
27.100000,42.000000,3
26.200001,43.000000,1
26.200001,44.000000,2
27.100000,42.000000,3
26.200001,43.000000,1
26.200001,44.000000,2
27.100000,42.000000,3
26.200001,43.000000,1
26.200001,44.000000,2
27.100000,43.000000,3
26.200001,43.000000,1
26.200001,44.000000,2
27.100000,43.000000,3
26.200001,44.000000,1
26.200001,44.000000,2
27.100000,43.000000,3
26.200001,43.000000,1
26.200001,44.000000,2
26.700001,43.000000,3
26.200001,43.000000,1
26.200001,44.000000,2
26.700001,43.000000,3
26.200001,43.000000,1
26.200001,44.000000,2
26.700001,43.000000,3
26.200001,43.000000,1
26.200001,44.000000,2
26.700001,43.000000,3
26.200001,43.000000,1
26.200001,44.000000,2
26.700001,43.000000,3
26.200001,44.000000,1
26.200001,44.000000,2
26.700001,43.000000,3
26.200001,44.000000,1
26.200001,44.000000,2
26.700001,43.000000,3
26.200001,44.000000,1
26.200001,44.000000,2
26.700001,43.000000,3
26.200001,44.000000,1
26.200001,44.000000,2
26.700001,43.000000,3
26.200001,44.000000,1
26.200001,44.000000,2
26.600000,43.000000,3
26.200001,44.000000,1
26.200001,44.000000,2
26.200001,43.000000,3
26.200001,44.000000,1
26.200001,44.000000,2
26.200001,43.000000,3
26.200001,44.000000,1
26.200001,44.000000,2
26.200001,43.000000,3
26.200001,44.000000,1
26.200001,44.000000,2
26.200001,43.000000,3
26.200001,44.000000,1
26.200001,44.000000,2
26.200001,43.000000,3
26.200001,44.000000,1
26.200001,44.000000,2
26.200001,44.000000,3
26.200001,44.000000,1
26.200001,44.000000,2
26.200001,44.000000,3
26.200001,44.000000,1
26.200001,44.000000,2
26.200001,44.000000,3
26.200001,44.000000,1
26.200001,44.000000,2
26.200001,44.000000,3
25.799999,44.000000,1
26.200001,44.000000,2
26.200001,44.000000,3
25.799999,44.000000,1
26.200001,44.000000,2
26.200001,44.000000,3
25.799999,44.000000,1
26.200001,44.000000,2
25.299999,44.000000,1
26.200001,44.000000,2
24.799999,46.000000,3
25.299999,44.000000,1
26.200001,44.000000,2
24.799999,46.000000,3
25.299999,44.000000,1
26.200001,44.000000,2
24.799999,46.000000,3
25.299999,44.000000,1
26.200001,44.000000,2
24.799999,46.000000,3
25.299999,44.000000,1
26.200001,44.000000,2
24.799999,46.000000,3
25.299999,44.000000,1
26.200001,44.000000,2
24.799999,46.000000,3
25.299999,44.000000,1
26.200001,44.000000,2
24.799999,46.000000,3
25.299999,44.000000,1
26.200001,44.000000,2
24.799999,46.000000,3
25.299999,44.000000,1
26.200001,44.000000,2
24.799999,46.000000,3
25.299999,44.000000,1
26.200001,44.000000,2
24.799999,46.000000,3
25.299999,44.000000,1
26.200001,44.000000,2
24.799999,46.000000,3
25.299999,44.000000,1
26.200001,44.000000,2
24.799999,46.000000,3
25.299999,44.000000,1
26.200001,44.000000,2
24.799999,46.000000,3
25.299999,44.000000,1
26.200001,44.000000,2
24.799999,46.000000,3
25.299999,44.000000,1
26.200001,44.000000,2
24.799999,46.000000,3
25.299999,44.000000,1
26.200001,44.000000,2
24.799999,46.000000,3
25.299999,44.000000,1
26.200001,44.000000,2
24.799999,46.000000,3
25.299999,44.000000,1
26.200001,44.000000,2
24.799999,46.000000,3
25.299999,44.000000,1
26.200001,44.000000,2
24.799999,46.000000,3
25.299999,44.000000,1
26.200001,44.000000,2
24.799999,46.000000,3
25.299999,44.000000,1
26.200001,44.000000,2
24.799999,46.000000,3
25.299999,44.000000,1
26.200001,44.000000,2
24.799999,46.000000,3
25.299999,44.000000,1
26.200001,44.000000,2
24.799999,47.000000,3
25.299999,44.000000,1
26.200001,44.000000,2
24.799999,47.000000,3
25.299999,44.000000,1
26.200001,44.000000,2
24.799999,47.000000,3
25.299999,44.000000,1
26.200001,44.000000,2
24.799999,47.000000,3
25.299999,44.000000,1
26.200001,44.000000,2
24.799999,47.000000,3
25.299999,44.000000,1
26.200001,44.000000,2
24.799999,47.000000,3
25.299999,44.000000,1
26.200001,44.000000,2
24.799999,47.000000,3
25.299999,44.000000,1
26.200001,44.000000,2
24.799999,47.000000,3
25.299999,44.000000,1
26.200001,44.000000,2
24.799999,47.000000,3
25.299999,44.000000,1
26.200001,44.000000,2
24.799999,47.000000,3
25.299999,44.000000,1
26.200001,44.000000,2
24.799999,47.000000,3
25.299999,44.000000,1
26.200001,44.000000,2
24.799999,47.000000,3
25.299999,44.000000,1
26.200001,44.000000,2
24.799999,47.000000,3
25.299999,44.000000,1
26.200001,44.000000,2
24.799999,47.000000,3
25.299999,44.000000,1
26.200001,44.000000,2
24.799999,47.000000,3
25.299999,44.000000,1
26.200001,44.000000,2
24.799999,47.000000,3
25.299999,44.000000,1
26.200001,44.000000,2
24.799999,47.000000,3
25.299999,44.000000,1
26.200001,44.000000,2
24.799999,47.000000,3
25.299999,44.000000,1
26.200001,44.000000,2
24.799999,47.000000,3
25.299999,44.000000,1
26.200001,44.000000,2
24.799999,47.000000,3
25.299999,44.000000,1
26.200001,44.000000,2
24.799999,47.000000,3
25.299999,44.000000,1
26.200001,44.000000,2
24.799999,47.000000,3
25.299999,44.000000,1
26.200001,44.000000,2
24.799999,47.000000,3
25.299999,44.000000,1
26.200001,44.000000,2
24.799999,47.000000,3
25.299999,44.000000,1
26.200001,44.000000,2
24.799999,47.000000,3
25.299999,44.000000,1
26.200001,44.000000,2
24.799999,47.000000,3
25.299999,44.000000,1
26.200001,44.000000,2
24.799999,47.000000,3
25.299999,44.000000,1
26.200001,44.000000,2
24.799999,47.000000,3
25.299999,44.000000,1
26.200001,44.000000,2
24.799999,47.000000,3
25.299999,44.000000,1
26.200001,44.000000,2
24.799999,47.000000,3
25.299999,44.000000,1
26.200001,44.000000,2
24.799999,47.000000,3
25.299999,44.000000,1
26.200001,44.000000,2
24.799999,47.000000,3
25.299999,44.000000,1
26.200001,44.000000,2
24.799999,47.000000,3
25.299999,44.000000,1
26.200001,44.000000,2
24.799999,47.000000,3
25.299999,44.000000,1
26.200001,44.000000,2
24.799999,47.000000,3
25.299999,44.000000,1
26.200001,44.000000,2
24.799999,47.000000,3
25.299999,44.000000,1
26.200001,44.000000,2
24.799999,47.000000,3
25.299999,44.000000,1
26.200001,44.000000,2
24.799999,47.000000,3
25.299999,44.000000,1
26.200001,44.000000,2
24.799999,47.000000,3
25.299999,44.000000,1
26.200001,44.000000,2
24.799999,47.000000,3
25.299999,44.000000,1
26.200001,44.000000,2
24.799999,47.000000,3
25.299999,44.000000,1
26.200001,44.000000,2
24.799999,47.000000,3
25.299999,44.000000,1
26.200001,44.000000,2
24.799999,47.000000,3
25.299999,44.000000,1
26.200001,44.000000,2
24.799999,47.000000,3
25.299999,44.000000,1
26.200001,44.000000,2
24.799999,47.000000,3
25.299999,44.000000,1
26.200001,44.000000,2
24.799999,47.000000,3
25.299999,44.000000,1
26.200001,44.000000,2
24.799999,47.000000,3
25.299999,44.000000,1
26.200001,44.000000,2
24.799999,47.000000,3
25.299999,44.000000,1
26.200001,44.000000,2
24.799999,47.000000,3
25.299999,44.000000,1
26.200001,44.000000,2
24.799999,47.000000,3
25.299999,44.000000,1
26.200001,44.000000,2
24.799999,47.000000,3
25.299999,44.000000,1
26.200001,44.000000,2
24.799999,47.000000,3
25.299999,44.000000,1
26.200001,44.000000,2
24.799999,47.000000,3
25.299999,44.000000,1
26.200001,44.000000,2
24.799999,47.000000,3
25.299999,45.000000,1
26.200001,44.000000,2
24.799999,47.000000,3
25.299999,45.000000,1
26.200001,44.000000,2
24.799999,47.000000,3
25.299999,45.000000,1
26.200001,44.000000,2
24.799999,47.000000,3
25.299999,45.000000,1
26.200001,44.000000,2
24.799999,47.000000,3
25.299999,45.000000,1
26.200001,44.000000,2
24.799999,47.000000,3
25.299999,45.000000,1
26.200001,44.000000,2
24.799999,47.000000,3
25.299999,45.000000,1
26.200001,44.000000,2
24.799999,47.000000,3
25.299999,45.000000,1
26.200001,44.000000,2
24.799999,47.000000,3
25.299999,45.000000,1
26.200001,44.000000,2
24.799999,47.000000,3
25.299999,45.000000,1
26.200001,44.000000,2
24.799999,47.000000,3
25.299999,45.000000,1
26.200001,44.000000,2
24.799999,47.000000,3
25.299999,45.000000,1
26.200001,44.000000,2
24.799999,47.000000,3
25.299999,45.000000,1
26.200001,44.000000,2
24.799999,47.000000,3
25.299999,45.000000,1
24.799999,47.000000,3
25.299999,45.000000,1
26.200001,44.000000,2
24.799999,47.000000,3
25.299999,45.000000,1
26.200001,44.000000,2
24.799999,47.000000,3
25.299999,45.000000,1
26.200001,44.000000,2
24.799999,47.000000,3
25.299999,45.000000,1
26.200001,44.000000,2
24.799999,47.000000,3
25.299999,45.000000,1
26.200001,44.000000,2
24.799999,47.000000,3
25.299999,45.000000,1
26.200001,44.000000,2
24.799999,47.000000,3
25.299999,44.000000,1
26.200001,44.000000,2
24.799999,47.000000,3
25.299999,44.000000,1
26.200001,44.000000,2
24.799999,47.000000,3
25.299999,44.000000,1
26.200001,44.000000,2
24.799999,47.000000,3
25.299999,44.000000,1
26.200001,44.000000,2
24.799999,47.000000,3
25.299999,44.000000,1
25.799999,44.000000,2
24.799999,47.000000,3
25.299999,44.000000,1
25.799999,44.000000,2
24.799999,47.000000,3
25.299999,44.000000,1
25.799999,44.000000,2
24.799999,47.000000,3
25.299999,44.000000,1
25.799999,44.000000,2
24.799999,47.000000,3
25.299999,44.000000,1
25.799999,44.000000,2
24.799999,47.000000,3
25.299999,44.000000,1
25.799999,44.000000,2
24.799999,47.000000,3
25.299999,44.000000,1
25.799999,44.000000,2
24.799999,47.000000,3
25.299999,44.000000,1
25.799999,44.000000,2
24.799999,47.000000,3
25.299999,44.000000,1
25.799999,44.000000,2
24.799999,47.000000,3
25.299999,44.000000,1
25.799999,44.000000,2
24.799999,47.000000,3
25.299999,44.000000,1
25.799999,43.000000,2
24.799999,47.000000,3
25.299999,44.000000,1
25.799999,43.000000,2
24.799999,47.000000,3
25.299999,44.000000,1
25.799999,43.000000,2
24.799999,47.000000,3
25.299999,44.000000,1
25.799999,43.000000,2
24.799999,47.000000,3
25.299999,44.000000,1
25.799999,43.000000,2
24.799999,47.000000,3
25.299999,44.000000,1
25.799999,43.000000,2
24.799999,47.000000,3
25.299999,44.000000,1
25.799999,43.000000,2
24.799999,47.000000,3
25.000000,44.000000,1
25.799999,43.000000,2
24.799999,47.000000,3
24.900000,44.000000,1
25.799999,43.000000,2
24.799999,47.000000,3
24.799999,44.000000,1
25.799999,43.000000,2
24.799999,47.000000,3
24.799999,44.000000,1
25.799999,43.000000,2
24.799999,47.000000,3
24.799999,44.000000,1
25.799999,43.000000,2
24.799999,47.000000,3
24.799999,44.000000,1
25.799999,43.000000,2
24.799999,47.000000,3
24.799999,44.000000,1
25.799999,43.000000,2
24.799999,47.000000,3
24.799999,44.000000,1
25.799999,43.000000,2
24.799999,47.000000,3
24.799999,44.000000,1
25.799999,43.000000,2
24.799999,47.000000,3
24.799999,44.000000,1
25.799999,43.000000,2
24.799999,47.000000,3
24.799999,44.000000,1
25.799999,43.000000,2
24.799999,47.000000,3
24.799999,44.000000,1
25.799999,43.000000,2
24.799999,47.000000,3
24.799999,44.000000,1
25.799999,43.000000,2
24.799999,47.000000,3
24.799999,44.000000,1
25.400000,43.000000,2
24.799999,47.000000,3
24.799999,44.000000,1
25.299999,43.000000,2
24.799999,47.000000,3
24.799999,44.000000,1
25.299999,43.000000,2
24.799999,47.000000,3
24.799999,44.000000,1
25.299999,43.000000,2
24.799999,47.000000,3
24.799999,44.000000,1
25.299999,43.000000,2
24.799999,47.000000,3
24.799999,44.000000,1
25.299999,43.000000,2
24.799999,47.000000,3
24.799999,44.000000,1
25.299999,43.000000,2
24.799999,47.000000,3
24.799999,44.000000,1
25.299999,43.000000,2
24.799999,47.000000,3
24.799999,44.000000,1
25.299999,43.000000,2
24.799999,47.000000,3
24.799999,44.000000,1
25.299999,43.000000,2
24.799999,47.000000,3
24.799999,44.000000,1
25.299999,43.000000,2
24.799999,47.000000,3
24.799999,44.000000,1
25.299999,43.000000,2
24.799999,47.000000,3
24.799999,44.000000,1
25.299999,43.000000,2
24.799999,47.000000,3
24.799999,44.000000,1
25.299999,43.000000,2
24.799999,47.000000,3
24.799999,43.000000,1
25.299999,43.000000,2
24.799999,47.000000,3
24.799999,43.000000,1
25.299999,43.000000,2
24.799999,47.000000,3
24.799999,43.000000,1
25.299999,43.000000,2
24.799999,47.000000,3
24.799999,43.000000,1
25.299999,43.000000,2
24.799999,47.000000,3
24.799999,43.000000,1
25.299999,43.000000,2
24.799999,47.000000,3
24.799999,43.000000,1
25.299999,43.000000,2
24.799999,47.000000,3
24.799999,43.000000,1
25.299999,43.000000,2
24.799999,47.000000,3
24.799999,43.000000,1
25.299999,43.000000,2
24.799999,47.000000,3
24.799999,43.000000,1
25.299999,43.000000,2
24.799999,47.000000,3
24.799999,43.000000,1
25.299999,43.000000,2
24.799999,47.000000,3
24.799999,43.000000,1
25.299999,43.000000,2
24.799999,47.000000,3
24.799999,43.000000,1
25.299999,43.000000,2
24.799999,47.000000,3
24.799999,43.000000,1
25.299999,43.000000,2
24.799999,47.000000,3
24.799999,43.000000,1
25.299999,43.000000,2
24.799999,47.000000,3
24.799999,43.000000,1
25.299999,43.000000,2
24.799999,47.000000,3
24.799999,43.000000,1
25.299999,43.000000,2
24.799999,47.000000,3
24.799999,43.000000,1
25.200001,43.000000,2
24.799999,47.000000,3
24.500000,43.000000,1
24.900000,43.000000,2
24.799999,47.000000,3
24.500000,43.000000,1
24.799999,43.000000,2
24.799999,47.000000,3
24.500000,43.000000,1
24.799999,43.000000,2
24.799999,47.000000,3
24.500000,43.000000,1
24.799999,43.000000,2
24.799999,47.000000,3
24.500000,43.000000,1
24.799999,43.000000,2
24.799999,47.000000,3
24.500000,43.000000,1
24.799999,43.000000,2
24.799999,47.000000,3
24.500000,43.000000,1
24.799999,43.000000,2
24.799999,47.000000,3
24.500000,43.000000,1
24.799999,43.000000,2
24.799999,47.000000,3
24.500000,43.000000,1
24.799999,43.000000,2
24.799999,47.000000,3
24.500000,43.000000,1
24.799999,43.000000,2
24.799999,47.000000,3
24.500000,43.000000,1
24.799999,43.000000,2
24.799999,47.000000,3
24.500000,43.000000,1
24.799999,43.000000,2
24.799999,47.000000,3
24.500000,43.000000,1
24.799999,43.000000,2
24.799999,47.000000,3
24.500000,43.000000,1
24.799999,43.000000,2
24.799999,47.000000,3
24.500000,43.000000,1
24.799999,43.000000,2
24.799999,46.000000,3
24.500000,43.000000,1
24.799999,43.000000,2
24.799999,46.000000,3
24.500000,43.000000,1
24.799999,43.000000,2
24.799999,46.000000,3
24.500000,43.000000,1
24.799999,43.000000,2
24.799999,46.000000,3
24.500000,43.000000,1
24.500000,43.000000,2
24.799999,46.000000,3
24.500000,43.000000,1
24.500000,43.000000,2
24.799999,46.000000,3
24.100000,43.000000,1
24.500000,43.000000,2
24.799999,46.000000,3
24.100000,43.000000,1
24.500000,43.000000,2
24.799999,46.000000,3
24.100000,43.000000,1
24.500000,43.000000,2
24.799999,46.000000,3
24.100000,43.000000,1
24.500000,43.000000,2
24.799999,46.000000,3
24.100000,43.000000,1
24.500000,43.000000,2
24.799999,46.000000,3
24.100000,44.000000,1
24.500000,44.000000,2
24.799999,47.000000,3
24.100000,44.000000,1
24.500000,44.000000,2
24.799999,47.000000,3
24.100000,44.000000,1
24.500000,44.000000,2
24.799999,47.000000,3
24.100000,44.000000,1
24.500000,44.000000,2
24.799999,47.000000,3
24.100000,44.000000,1
24.500000,44.000000,2
24.799999,47.000000,3
24.100000,44.000000,1
24.500000,44.000000,2
24.799999,47.000000,3
24.100000,44.000000,1
24.500000,44.000000,2
24.799999,47.000000,3
24.100000,44.000000,1
24.500000,44.000000,2
24.799999,47.000000,3
24.100000,44.000000,1
24.500000,44.000000,2
24.799999,47.000000,3
24.100000,44.000000,1
24.500000,44.000000,2
24.799999,47.000000,3
24.100000,44.000000,1
24.500000,44.000000,2
24.799999,47.000000,3
24.200001,44.000000,1
24.600000,44.000000,2
24.799999,47.000000,3
24.299999,44.000000,1
24.799999,44.000000,2
24.799999,47.000000,3
24.400000,44.000000,1
24.799999,44.000000,2
24.799999,47.000000,3
24.500000,44.000000,1
24.799999,44.000000,2
24.799999,47.000000,3
24.500000,44.000000,1
24.799999,44.000000,2
24.799999,47.000000,3
24.400000,44.000000,1
24.799999,44.000000,2
24.799999,46.000000,3
24.400000,44.000000,1
24.799999,44.000000,2
24.799999,46.000000,3
24.200001,44.000000,1
24.799999,44.000000,2
24.799999,46.000000,3
24.100000,44.000000,1
24.799999,44.000000,2
24.799999,46.000000,3
24.100000,44.000000,1
24.799999,44.000000,2
24.799999,46.000000,3
24.100000,44.000000,1
24.799999,44.000000,2
24.799999,46.000000,3
24.100000,44.000000,1
24.799999,44.000000,2
24.799999,46.000000,3
24.100000,44.000000,1
24.799999,44.000000,2
24.799999,46.000000,3
24.100000,44.000000,1
24.700001,44.000000,2
24.799999,46.000000,3
24.100000,44.000000,1
24.600000,44.000000,2
24.700001,46.000000,3
24.100000,44.000000,1
24.500000,44.000000,2
24.600000,46.000000,3
24.100000,44.000000,1
24.500000,44.000000,2
24.500000,46.000000,3
24.100000,44.000000,1
24.500000,44.000000,2
24.500000,46.000000,3
24.100000,44.000000,1
24.500000,44.000000,2
24.500000,46.000000,3
24.100000,44.000000,1
24.500000,44.000000,2
24.500000,46.000000,3
24.100000,44.000000,1
24.500000,44.000000,2
24.500000,46.000000,3
24.100000,44.000000,1
24.500000,44.000000,2
24.500000,46.000000,3
24.100000,44.000000,1
24.600000,44.000000,2
24.500000,46.000000,3
24.100000,44.000000,1
24.799999,44.000000,2
24.500000,46.000000,3
24.100000,44.000000,1
24.799999,44.000000,2
24.500000,46.000000,3
24.100000,44.000000,1
24.799999,44.000000,2
24.500000,47.000000,3
24.100000,44.000000,1
24.799999,44.000000,2
24.500000,47.000000,3
24.100000,44.000000,1
24.799999,44.000000,2
24.500000,47.000000,3
24.100000,44.000000,1
24.799999,44.000000,2
24.500000,47.000000,3
24.100000,44.000000,1
24.799999,44.000000,2
24.500000,47.000000,3
24.100000,44.000000,1
24.799999,44.000000,2
24.500000,47.000000,3
24.100000,44.000000,1
24.799999,44.000000,2
24.500000,47.000000,3
24.100000,44.000000,1
24.799999,44.000000,2
24.500000,47.000000,3
24.200001,44.000000,1
24.799999,44.000000,2
24.500000,47.000000,3
24.200001,44.000000,1
24.799999,44.000000,2
24.500000,47.000000,3
24.200001,44.000000,1
24.799999,44.000000,2
24.500000,47.000000,3
24.299999,44.000000,1
24.799999,44.000000,2
24.500000,47.000000,3
24.500000,44.000000,1
24.799999,44.000000,2
24.500000,47.000000,3
24.500000,44.000000,1
24.799999,44.000000,2
24.500000,47.000000,3
24.500000,44.000000,1
24.799999,44.000000,2
24.500000,47.000000,3
24.500000,44.000000,1
24.799999,44.000000,2
24.500000,47.000000,3
24.500000,44.000000,1
24.799999,44.000000,2
24.500000,47.000000,3
24.500000,44.000000,1
24.799999,44.000000,2
24.500000,47.000000,3
24.500000,44.000000,1
24.799999,44.000000,2
24.500000,47.000000,3
24.500000,44.000000,1
24.799999,44.000000,2
24.500000,47.000000,3
24.500000,44.000000,1
24.799999,44.000000,2
24.500000,47.000000,3
24.500000,44.000000,1
24.799999,44.000000,2
24.500000,47.000000,3
24.500000,44.000000,1
24.799999,44.000000,2
24.500000,47.000000,3
24.500000,44.000000,1
24.799999,44.000000,2
24.500000,47.000000,3
24.500000,44.000000,1
24.799999,44.000000,2
24.500000,47.000000,3
24.500000,44.000000,1
24.799999,44.000000,2
24.500000,47.000000,3
24.500000,44.000000,1
24.799999,44.000000,2
24.500000,47.000000,3
24.500000,44.000000,1
24.799999,44.000000,2
24.500000,47.000000,3
24.500000,44.000000,1
24.799999,44.000000,2
24.500000,47.000000,3
24.500000,44.000000,1
24.799999,44.000000,2
24.500000,47.000000,3
24.500000,44.000000,1
24.799999,44.000000,2
24.500000,47.000000,3
24.500000,44.000000,1
24.799999,44.000000,2
24.500000,47.000000,3
24.500000,44.000000,1
24.799999,44.000000,2
24.500000,47.000000,3
24.500000,44.000000,1
24.799999,44.000000,2
24.500000,47.000000,3
24.500000,44.000000,1
24.799999,44.000000,2
24.500000,47.000000,3
24.500000,44.000000,1
24.799999,44.000000,2
24.500000,47.000000,3
24.500000,44.000000,1
24.799999,44.000000,2
24.500000,47.000000,3
24.500000,44.000000,1
24.799999,44.000000,2
24.500000,47.000000,3
24.500000,44.000000,1
24.799999,44.000000,2
24.500000,47.000000,3
24.500000,44.000000,1
24.799999,44.000000,2
24.500000,47.000000,3
24.500000,44.000000,1
24.799999,44.000000,2
24.500000,47.000000,3
24.500000,44.000000,1
24.799999,44.000000,2
24.500000,47.000000,3
24.500000,44.000000,1
24.799999,44.000000,2
24.500000,47.000000,3
24.500000,44.000000,1
24.799999,44.000000,2
24.500000,47.000000,3
24.500000,44.000000,1
24.799999,44.000000,2
24.500000,47.000000,3
24.500000,44.000000,1
24.799999,44.000000,2
24.500000,47.000000,3
24.500000,44.000000,1
24.799999,44.000000,2
24.500000,47.000000,3
24.500000,44.000000,1
24.799999,44.000000,2
24.500000,47.000000,3
24.500000,44.000000,1
24.799999,44.000000,2
24.500000,47.000000,3
24.500000,44.000000,1
24.900000,44.000000,2
24.500000,47.000000,3
24.500000,44.000000,1
24.900000,44.000000,2
24.500000,47.000000,3
24.500000,44.000000,1
24.900000,44.000000,2
24.500000,47.000000,3
24.500000,44.000000,1
25.299999,44.000000,2
24.500000,47.000000,3
24.500000,44.000000,1
25.299999,44.000000,2
24.500000,47.000000,3
24.500000,44.000000,1
25.299999,44.000000,2
24.500000,47.000000,3
24.500000,44.000000,1
25.299999,44.000000,2
24.500000,47.000000,3
24.500000,44.000000,1
25.299999,44.000000,2
24.500000,47.000000,3
24.500000,44.000000,1
25.299999,44.000000,2
24.500000,47.000000,3
24.500000,44.000000,1
25.299999,44.000000,2
24.500000,47.000000,3
24.500000,44.000000,1
25.299999,44.000000,2
24.500000,47.000000,3
24.500000,44.000000,1
25.299999,44.000000,2
24.500000,47.000000,3
24.500000,44.000000,1
25.299999,44.000000,2
24.500000,47.000000,3
24.500000,44.000000,1
25.299999,44.000000,2
24.500000,47.000000,3
24.500000,44.000000,1
25.299999,44.000000,2
24.500000,47.000000,3
24.500000,44.000000,1
25.299999,44.000000,2
24.500000,47.000000,3
24.500000,44.000000,1
25.299999,44.000000,2
24.500000,47.000000,3
24.500000,44.000000,1
25.299999,44.000000,2
24.500000,47.000000,3
24.500000,44.000000,1
25.299999,44.000000,2
24.500000,47.000000,3
24.500000,44.000000,1
25.299999,44.000000,2
24.500000,47.000000,3
24.500000,44.000000,1
25.299999,44.000000,2
24.500000,47.000000,3
24.500000,44.000000,1
25.299999,44.000000,2
24.500000,47.000000,3
24.500000,44.000000,1
25.299999,44.000000,2
24.500000,47.000000,3
24.500000,44.000000,1
25.299999,44.000000,2
24.500000,47.000000,3
24.500000,44.000000,1
25.299999,44.000000,2
24.500000,47.000000,3
24.500000,45.000000,1
25.299999,44.000000,2
24.500000,47.000000,3
24.500000,45.000000,1
25.299999,44.000000,2
24.500000,47.000000,3
24.500000,45.000000,1
25.299999,44.000000,2
24.500000,47.000000,3
24.500000,45.000000,1
25.299999,44.000000,2
24.500000,47.000000,3
24.500000,45.000000,1
25.299999,44.000000,2
24.500000,47.000000,3
24.500000,45.000000,1
25.299999,44.000000,2
24.500000,47.000000,3
24.500000,45.000000,1
25.299999,44.000000,2
24.500000,47.000000,3
24.500000,45.000000,1
25.299999,44.000000,2
24.500000,47.000000,3
24.500000,45.000000,1
25.299999,44.000000,2
24.500000,47.000000,3
24.500000,45.000000,1
25.299999,44.000000,2
24.500000,47.000000,3
24.500000,45.000000,1
25.299999,44.000000,2
24.500000,47.000000,3
24.500000,45.000000,1
25.299999,44.000000,2
24.500000,47.000000,3
24.500000,45.000000,1
25.299999,44.000000,2
24.500000,47.000000,3
24.500000,45.000000,1
25.299999,44.000000,2
24.500000,47.000000,3
24.500000,45.000000,1
25.299999,44.000000,2
24.500000,47.000000,3
24.500000,45.000000,1
25.299999,44.000000,2
24.500000,47.000000,3
24.500000,45.000000,1
25.299999,44.000000,2
24.500000,47.000000,3
24.500000,44.000000,1
25.299999,44.000000,2
24.500000,47.000000,3
24.500000,44.000000,1
25.299999,44.000000,2
24.500000,47.000000,3
24.500000,44.000000,1
25.299999,44.000000,2
24.500000,47.000000,3
24.500000,44.000000,1
25.299999,44.000000,2
24.500000,47.000000,3
24.500000,44.000000,1
25.299999,44.000000,2
24.500000,47.000000,3
24.500000,44.000000,1
25.299999,44.000000,2
24.500000,47.000000,3
24.500000,44.000000,1
25.299999,44.000000,2
24.500000,47.000000,3
24.500000,44.000000,1
25.299999,44.000000,2
24.500000,47.000000,3
24.500000,44.000000,1
25.299999,44.000000,2
24.500000,47.000000,3
24.500000,44.000000,1
25.299999,44.000000,2
24.500000,47.000000,3
24.500000,44.000000,1
25.299999,44.000000,2
24.500000,47.000000,3
24.500000,44.000000,1
25.299999,44.000000,2
24.500000,47.000000,3
24.500000,44.000000,1
25.299999,44.000000,2
24.500000,47.000000,3
24.500000,44.000000,1
25.299999,44.000000,2
24.500000,47.000000,3
24.500000,44.000000,1
25.299999,44.000000,2
24.500000,47.000000,3
24.500000,44.000000,1
25.299999,44.000000,2
24.500000,46.000000,3
24.500000,44.000000,1
25.299999,44.000000,2
24.600000,46.000000,3
24.500000,44.000000,1
25.299999,44.000000,2
24.600000,46.000000,3
24.500000,44.000000,1
25.299999,44.000000,2
24.700001,46.000000,3
24.500000,44.000000,1
25.299999,44.000000,2
24.799999,47.000000,3
24.500000,44.000000,1
25.299999,44.000000,2
24.799999,47.000000,3
24.500000,44.000000,1
25.299999,44.000000,2
24.799999,47.000000,3
24.500000,44.000000,1
25.299999,44.000000,2
24.799999,47.000000,3
24.500000,44.000000,1
25.299999,44.000000,2
24.799999,47.000000,3
24.500000,44.000000,1
25.299999,44.000000,2
24.799999,46.000000,3
24.500000,44.000000,1
25.299999,44.000000,2
24.799999,46.000000,3
24.500000,44.000000,1
25.299999,44.000000,2
24.799999,46.000000,3
24.500000,44.000000,1
25.299999,44.000000,2
24.799999,46.000000,3
24.500000,44.000000,1
25.299999,44.000000,2
24.799999,46.000000,3
24.500000,44.000000,1
25.299999,44.000000,2
24.799999,46.000000,3
24.500000,44.000000,1
25.299999,44.000000,2
24.799999,46.000000,3
24.500000,44.000000,1
25.299999,43.000000,2
24.799999,46.000000,3
24.500000,44.000000,1
25.299999,43.000000,2
24.799999,46.000000,3
24.500000,44.000000,1
25.299999,43.000000,2
24.799999,46.000000,3
24.500000,44.000000,1
25.299999,43.000000,2
24.799999,46.000000,3
24.500000,44.000000,1
25.299999,43.000000,2
24.799999,46.000000,3
24.500000,44.000000,1
25.299999,43.000000,2
24.799999,46.000000,3
24.500000,44.000000,1
25.299999,43.000000,2
24.799999,46.000000,3
24.500000,44.000000,1
25.299999,43.000000,2
24.799999,46.000000,3
24.500000,44.000000,1
25.299999,43.000000,2
24.799999,46.000000,3
24.500000,44.000000,1
25.299999,43.000000,2
24.799999,46.000000,3
24.500000,44.000000,1
25.299999,43.000000,2
24.799999,46.000000,3
24.500000,44.000000,1
25.299999,44.000000,2
24.799999,46.000000,3
24.500000,44.000000,1
25.299999,44.000000,2
24.799999,46.000000,3
24.500000,44.000000,1
25.299999,44.000000,2
24.799999,46.000000,3
24.500000,44.000000,1
25.299999,44.000000,2
24.799999,46.000000,3
24.500000,44.000000,1
25.299999,44.000000,2
24.799999,46.000000,3
24.500000,44.000000,1
25.299999,44.000000,2
24.799999,46.000000,3
24.500000,44.000000,1
25.299999,44.000000,2
24.799999,46.000000,3
24.500000,44.000000,1
25.299999,44.000000,2
24.799999,46.000000,3
24.500000,44.000000,1
25.299999,44.000000,2
24.799999,46.000000,3
24.500000,44.000000,1
25.299999,44.000000,2
24.799999,46.000000,3
24.500000,44.000000,1
25.299999,44.000000,2
24.799999,46.000000,3
24.500000,44.000000,1
25.299999,44.000000,2
24.799999,46.000000,3
24.500000,44.000000,1
25.299999,43.000000,2
24.799999,46.000000,3
24.500000,44.000000,1
25.299999,44.000000,2
24.799999,46.000000,3
24.500000,44.000000,1
25.299999,44.000000,2
24.799999,46.000000,3
24.500000,44.000000,1
25.299999,43.000000,2
24.799999,46.000000,3
24.500000,44.000000,1
25.299999,44.000000,2
24.799999,46.000000,3
24.500000,44.000000,1
25.200001,44.000000,2
24.799999,46.000000,3
24.500000,44.000000,1
25.200001,44.000000,2
24.799999,46.000000,3
24.500000,44.000000,1
25.200001,44.000000,2
24.799999,46.000000,3
24.500000,44.000000,1
25.299999,44.000000,2
24.799999,46.000000,3
24.500000,44.000000,1
25.299999,44.000000,2
24.799999,46.000000,3
24.500000,44.000000,1
25.299999,44.000000,2
24.799999,46.000000,3
24.500000,44.000000,1
25.299999,44.000000,2
24.799999,46.000000,3
24.500000,44.000000,1
25.299999,44.000000,2
24.799999,46.000000,3
24.500000,44.000000,1
25.299999,44.000000,2
24.799999,46.000000,3
24.500000,44.000000,1
25.299999,44.000000,2
24.799999,46.000000,3
24.500000,44.000000,1
25.299999,44.000000,2
24.799999,46.000000,3
24.500000,44.000000,1
25.299999,44.000000,2
24.799999,46.000000,3
24.500000,44.000000,1
25.299999,44.000000,2
24.799999,46.000000,3
24.500000,44.000000,1
25.299999,44.000000,2
24.799999,46.000000,3
24.500000,44.000000,1
25.299999,44.000000,2
24.799999,46.000000,3
24.500000,44.000000,1
25.299999,44.000000,2
24.799999,46.000000,3
24.500000,44.000000,1
25.299999,44.000000,2
24.799999,46.000000,3
24.500000,44.000000,1
25.299999,44.000000,2
24.799999,46.000000,3
24.500000,44.000000,1
25.299999,44.000000,2
24.799999,46.000000,3
24.500000,44.000000,1
25.299999,44.000000,2
24.799999,46.000000,3
24.500000,44.000000,1
25.299999,44.000000,2
24.799999,46.000000,3
24.500000,44.000000,1
25.299999,44.000000,2
24.799999,46.000000,3
24.500000,44.000000,1
25.299999,44.000000,2
24.799999,46.000000,3
24.500000,44.000000,1
25.299999,44.000000,2
24.799999,46.000000,3
24.500000,44.000000,1
25.299999,44.000000,2
24.799999,46.000000,3
24.500000,44.000000,1
25.299999,44.000000,2
24.799999,46.000000,3
24.500000,44.000000,1
25.299999,44.000000,2
24.799999,46.000000,3
24.500000,44.000000,1
25.299999,44.000000,2
24.799999,46.000000,3
24.500000,44.000000,1
25.299999,44.000000,2
24.799999,46.000000,3
24.500000,44.000000,1
25.299999,44.000000,2
24.799999,46.000000,3
24.500000,44.000000,1
25.299999,44.000000,2
24.799999,46.000000,3
24.500000,44.000000,1
25.299999,44.000000,2
24.799999,46.000000,3
24.500000,44.000000,1
25.299999,44.000000,2
24.799999,46.000000,3
24.500000,44.000000,1
25.299999,44.000000,2
24.799999,46.000000,3
24.500000,44.000000,1
25.299999,44.000000,2
24.799999,46.000000,3
24.500000,44.000000,1
25.299999,44.000000,2
24.799999,46.000000,3
24.500000,44.000000,1
25.400000,44.000000,2
24.799999,46.000000,3
24.500000,44.000000,1
25.799999,44.000000,2
24.799999,47.000000,3
24.500000,44.000000,1
25.799999,44.000000,2
24.799999,47.000000,3
24.500000,44.000000,1
25.799999,44.000000,2
24.799999,47.000000,3
24.500000,44.000000,1
25.799999,44.000000,2
24.799999,47.000000,3
24.500000,44.000000,1
25.799999,44.000000,2
24.799999,47.000000,3
24.500000,44.000000,1
25.799999,44.000000,2
24.799999,47.000000,3
24.500000,44.000000,1
25.799999,44.000000,2
24.799999,47.000000,3
24.500000,44.000000,1
25.799999,44.000000,2
24.799999,47.000000,3
24.500000,44.000000,1
25.799999,44.000000,2
24.799999,47.000000,3
24.500000,44.000000,1
25.799999,44.000000,2
24.799999,47.000000,3
24.500000,44.000000,1
25.799999,44.000000,2
24.799999,47.000000,3
24.500000,44.000000,1
25.400000,44.000000,2
24.799999,47.000000,3
24.500000,44.000000,1
25.299999,43.000000,2
24.799999,47.000000,3
24.500000,44.000000,1
25.299999,43.000000,2
24.799999,47.000000,3
24.500000,44.000000,1
25.299999,43.000000,2
24.799999,47.000000,3
24.500000,44.000000,1
25.299999,44.000000,2
24.799999,47.000000,3
24.500000,44.000000,1
25.299999,44.000000,2
24.799999,46.000000,3
24.500000,44.000000,1
25.299999,44.000000,2
24.799999,46.000000,3
24.500000,44.000000,1
25.299999,44.000000,2
24.799999,46.000000,3
24.500000,44.000000,1
25.299999,44.000000,2
24.799999,46.000000,3
24.500000,44.000000,1
25.299999,44.000000,2
24.799999,46.000000,3
24.500000,44.000000,1
25.299999,44.000000,2
24.799999,46.000000,3
24.500000,44.000000,1
25.299999,44.000000,2
24.799999,46.000000,3
24.500000,44.000000,1
25.299999,44.000000,2
24.799999,46.000000,3
24.500000,44.000000,1
25.299999,44.000000,2
24.799999,46.000000,3
24.500000,44.000000,1
25.299999,44.000000,2
24.799999,46.000000,3
24.500000,44.000000,1
25.299999,44.000000,2
24.799999,46.000000,3
24.500000,44.000000,1
25.299999,44.000000,2
24.799999,46.000000,3
24.500000,44.000000,1
25.299999,44.000000,2
24.799999,46.000000,3
24.500000,44.000000,1
25.299999,44.000000,2
24.799999,47.000000,3
24.500000,44.000000,1
25.299999,44.000000,2
24.799999,47.000000,3
24.500000,44.000000,1
25.299999,44.000000,2
24.799999,47.000000,3
24.500000,44.000000,1
25.299999,44.000000,2
24.799999,47.000000,3
24.500000,44.000000,1
25.299999,44.000000,2
24.799999,47.000000,3
24.500000,44.000000,1
25.299999,44.000000,2
24.799999,47.000000,3
24.500000,44.000000,1
25.299999,44.000000,2
24.799999,47.000000,3
24.500000,44.000000,1
25.299999,44.000000,2
24.799999,47.000000,3
24.500000,44.000000,1
25.299999,44.000000,2
24.799999,47.000000,3
24.500000,44.000000,1
25.299999,44.000000,2
24.799999,47.000000,3
24.500000,44.000000,1
25.299999,44.000000,2
24.799999,47.000000,3
24.500000,44.000000,1
25.299999,44.000000,2
24.799999,47.000000,3
24.500000,44.000000,1
25.299999,44.000000,2
24.799999,46.000000,3
24.500000,44.000000,1
25.299999,44.000000,2
24.799999,46.000000,3
24.500000,44.000000,1
25.299999,44.000000,2
24.799999,46.000000,3
24.500000,44.000000,1
25.299999,44.000000,2
24.799999,46.000000,3
24.500000,44.000000,1
25.299999,44.000000,2
24.799999,46.000000,3
24.500000,44.000000,1
25.299999,44.000000,2
24.799999,46.000000,3
24.500000,44.000000,1
25.299999,44.000000,2
24.799999,46.000000,3
24.500000,44.000000,1
25.299999,44.000000,2
24.799999,46.000000,3
24.500000,44.000000,1
25.299999,44.000000,2
24.799999,46.000000,3
24.500000,44.000000,1
25.299999,44.000000,2
24.799999,46.000000,3
24.500000,44.000000,1
25.299999,44.000000,2
24.799999,46.000000,3
24.500000,44.000000,1
25.299999,44.000000,2
24.799999,46.000000,3
24.500000,44.000000,1
25.299999,44.000000,2
24.799999,46.000000,3
24.500000,44.000000,1
25.299999,44.000000,2
24.799999,46.000000,3
24.500000,44.000000,1
25.299999,44.000000,2
24.799999,46.000000,3
24.500000,44.000000,1
25.299999,44.000000,2
24.799999,46.000000,3
24.500000,44.000000,1
25.299999,44.000000,2
24.799999,46.000000,3
24.500000,44.000000,1
25.299999,44.000000,2
24.799999,46.000000,3
24.500000,44.000000,1
25.299999,44.000000,2
24.799999,47.000000,3
24.500000,44.000000,1
25.200001,44.000000,2
24.799999,47.000000,3
24.500000,44.000000,1
24.900000,44.000000,2
24.799999,47.000000,3
24.500000,44.000000,1
24.900000,44.000000,2
24.799999,47.000000,3
24.500000,44.000000,1
24.799999,44.000000,2
24.799999,47.000000,3
24.500000,44.000000,1
24.799999,44.000000,2
24.799999,47.000000,3
24.500000,44.000000,1
24.799999,44.000000,2
24.799999,47.000000,3
24.500000,44.000000,1
24.799999,44.000000,2
24.799999,47.000000,3
24.500000,44.000000,1
24.799999,44.000000,2
24.799999,47.000000,3
24.500000,44.000000,1
24.799999,44.000000,2
24.799999,47.000000,3
24.500000,44.000000,1
24.799999,44.000000,2
24.799999,47.000000,3
24.500000,44.000000,1
24.799999,44.000000,2
24.799999,47.000000,3
24.500000,44.000000,1
24.799999,44.000000,2
24.799999,47.000000,3
24.500000,44.000000,1
24.799999,44.000000,2
24.799999,47.000000,3
24.500000,44.000000,1
24.799999,44.000000,2
24.799999,47.000000,3
24.500000,44.000000,1
24.799999,44.000000,2
24.799999,47.000000,3
24.500000,44.000000,1
24.799999,44.000000,2
24.799999,47.000000,3
24.500000,44.000000,1
24.799999,44.000000,2
24.799999,47.000000,3
24.500000,44.000000,1
24.799999,44.000000,2
24.799999,47.000000,3
24.500000,44.000000,1
24.799999,44.000000,2
24.799999,47.000000,3
24.500000,44.000000,1
24.799999,44.000000,2
24.799999,47.000000,3
24.500000,44.000000,1
24.799999,44.000000,2
24.799999,47.000000,3
24.500000,44.000000,1
24.799999,44.000000,2
24.799999,47.000000,3
24.500000,44.000000,1
24.799999,44.000000,2
24.799999,47.000000,3
24.500000,44.000000,1
24.799999,44.000000,2
24.799999,47.000000,3
24.500000,44.000000,1
24.900000,44.000000,2
24.799999,47.000000,3
24.500000,44.000000,1
25.000000,44.000000,2
24.799999,47.000000,3
24.500000,44.000000,1
25.299999,44.000000,2
24.799999,47.000000,3
24.500000,44.000000,1
25.299999,44.000000,2
24.799999,47.000000,3
24.500000,44.000000,1
25.299999,44.000000,2
24.799999,47.000000,3
24.500000,44.000000,1
25.299999,44.000000,2
24.799999,47.000000,3
24.500000,44.000000,1
25.299999,44.000000,2
24.799999,47.000000,3
24.500000,44.000000,1
25.299999,44.000000,2
24.799999,47.000000,3
24.500000,44.000000,1
25.299999,44.000000,2
24.799999,47.000000,3
24.500000,44.000000,1
25.299999,44.000000,2
24.799999,47.000000,3
24.500000,44.000000,1
25.299999,44.000000,2
24.799999,47.000000,3
24.500000,44.000000,1
25.299999,44.000000,2
24.799999,47.000000,3
24.500000,44.000000,1
25.299999,44.000000,2
24.799999,47.000000,3
24.500000,44.000000,1
25.299999,44.000000,2
24.799999,47.000000,3
24.500000,44.000000,1
25.299999,44.000000,2
24.799999,47.000000,3
24.500000,44.000000,1
25.299999,44.000000,2
24.799999,47.000000,3
24.500000,44.000000,1
25.299999,44.000000,2
24.799999,47.000000,3
24.500000,44.000000,1
25.299999,44.000000,2
24.799999,47.000000,3
24.500000,44.000000,1
25.299999,44.000000,2
24.799999,47.000000,3
24.500000,44.000000,1
25.299999,44.000000,2
24.799999,47.000000,3
24.500000,44.000000,1
25.299999,44.000000,2
24.799999,47.000000,3
24.500000,44.000000,1
25.299999,44.000000,2
24.799999,47.000000,3
24.500000,44.000000,1
25.299999,44.000000,2
24.799999,46.000000,3
24.500000,44.000000,1
25.299999,44.000000,2
24.799999,46.000000,3
24.500000,44.000000,1
25.299999,44.000000,2
24.799999,46.000000,3
24.500000,44.000000,1
25.299999,44.000000,2
24.799999,46.000000,3
24.500000,44.000000,1
25.299999,44.000000,2
24.799999,46.000000,3
24.500000,44.000000,1
25.299999,44.000000,2
24.799999,46.000000,3
24.500000,44.000000,1
25.299999,44.000000,2
24.799999,46.000000,3
24.500000,44.000000,1
25.299999,44.000000,2
24.799999,47.000000,3
24.500000,44.000000,1
25.299999,44.000000,2
24.799999,47.000000,3
24.500000,44.000000,1
25.500000,44.000000,2
24.799999,47.000000,3
24.500000,44.000000,1
25.799999,44.000000,2
24.799999,47.000000,3
24.500000,44.000000,1
25.799999,44.000000,2
24.799999,47.000000,3
24.500000,44.000000,1
25.799999,44.000000,2
24.799999,47.000000,3
24.500000,44.000000,1
25.799999,44.000000,2
24.799999,47.000000,3
24.500000,44.000000,1
25.799999,44.000000,2
24.799999,47.000000,3
24.500000,44.000000,1
25.799999,44.000000,2
24.799999,47.000000,3
24.500000,44.000000,1
25.799999,44.000000,2
24.799999,47.000000,3
24.700001,44.000000,1
25.799999,44.000000,2
24.799999,47.000000,3
24.799999,44.000000,1
25.799999,44.000000,2
24.799999,47.000000,3
24.799999,44.000000,1
25.799999,44.000000,2
24.799999,47.000000,3
24.799999,44.000000,1
25.799999,44.000000,2
24.799999,47.000000,3
24.799999,44.000000,1
25.799999,44.000000,2
24.799999,47.000000,3
24.799999,44.000000,1
25.799999,44.000000,2
24.799999,47.000000,3
24.799999,44.000000,1
25.799999,44.000000,2
24.799999,47.000000,3
24.799999,44.000000,1
25.799999,44.000000,2
24.799999,47.000000,3
24.799999,44.000000,1
25.799999,44.000000,2
24.799999,47.000000,3
24.799999,45.000000,1
25.799999,44.000000,2
24.799999,47.000000,3
24.799999,45.000000,1
25.799999,44.000000,2
24.799999,47.000000,3
24.799999,47.000000,3
24.799999,44.000000,1
25.299999,44.000000,2
24.799999,47.000000,3
24.799999,44.000000,1
25.299999,44.000000,2
24.799999,47.000000,3
24.799999,44.000000,1
25.299999,44.000000,2
24.799999,47.000000,3
24.799999,44.000000,1
25.299999,44.000000,2
24.799999,47.000000,3
24.799999,44.000000,1
25.299999,44.000000,2
24.799999,47.000000,3
24.799999,45.000000,1
25.299999,44.000000,2
24.799999,47.000000,3
24.799999,45.000000,1
25.299999,44.000000,2
26.700001,44.000000,2
25.299999,47.000000,3
26.700001,44.000000,2
25.299999,47.000000,3
26.700001,44.000000,2
25.299999,47.000000,3
26.700001,43.000000,2
25.299999,47.000000,3
26.700001,43.000000,2
25.299999,47.000000,3
26.700001,43.000000,2
25.299999,47.000000,3
26.700001,43.000000,2
25.299999,47.000000,3
26.700001,43.000000,2
25.299999,47.000000,3
26.700001,43.000000,2
25.299999,47.000000,3
26.700001,43.000000,2
25.299999,47.000000,3
26.700001,43.000000,2
25.299999,46.000000,3
27.100000,43.000000,2
25.299999,46.000000,3
27.100000,43.000000,2
25.299999,46.000000,3
27.100000,43.000000,2
25.299999,46.000000,3
27.100000,43.000000,2
25.299999,46.000000,3
27.100000,43.000000,2
25.299999,46.000000,3
27.100000,43.000000,2
25.299999,46.000000,3
27.100000,43.000000,2
25.299999,46.000000,3
27.100000,43.000000,2
25.299999,46.000000,3
27.100000,43.000000,2
25.299999,46.000000,3
27.100000,43.000000,2
25.299999,46.000000,3
27.100000,43.000000,2
25.299999,46.000000,3
27.100000,43.000000,2
25.299999,46.000000,3
27.100000,43.000000,2
25.299999,46.000000,3
27.100000,43.000000,2
25.299999,46.000000,3
27.100000,43.000000,2
25.299999,46.000000,3
27.100000,43.000000,2
25.299999,46.000000,3
27.100000,43.000000,2
25.299999,46.000000,3
27.100000,43.000000,2
25.299999,46.000000,3
27.100000,43.000000,2
25.299999,46.000000,3
27.100000,43.000000,2
25.299999,46.000000,3
27.100000,43.000000,2
25.799999,46.000000,3
27.600000,43.000000,2
25.799999,46.000000,3
27.600000,43.000000,2
25.799999,46.000000,3
27.600000,43.000000,2
25.799999,46.000000,3
27.600000,43.000000,2
25.799999,46.000000,3
27.600000,43.000000,2
25.799999,46.000000,3
27.600000,43.000000,2
25.799999,46.000000,3
27.600000,43.000000,2
25.799999,46.000000,3
27.600000,43.000000,2
25.799999,46.000000,3
27.600000,43.000000,2
25.799999,46.000000,3
27.600000,43.000000,2
25.799999,46.000000,3
27.600000,43.000000,2
25.799999,46.000000,3
27.600000,43.000000,2
25.799999,46.000000,3
27.600000,43.000000,2
25.799999,46.000000,3
27.600000,43.000000,2
25.799999,46.000000,3
27.600000,43.000000,2
25.799999,46.000000,3
25.799999,46.000000,3
27.600000,43.000000,2
25.799999,46.000000,3
27.600000,43.000000,2
25.799999,46.000000,3
27.600000,43.000000,2
25.799999,46.000000,3
27.600000,43.000000,2
25.799999,46.000000,3
27.600000,43.000000,2
25.799999,46.000000,3
27.600000,43.000000,2
26.700001,46.000000,1
27.100000,46.000000,3
26.700001,46.000000,2
26.700001,46.000000,1
27.100000,46.000000,3
26.700001,46.000000,2
26.700001,46.000000,1
27.100000,46.000000,3
26.700001,46.000000,2
26.700001,46.000000,1
27.100000,46.000000,3
26.700001,46.000000,2
26.700001,46.000000,1
27.100000,46.000000,3
26.700001,46.000000,2
26.700001,46.000000,1
27.100000,46.000000,3
26.700001,46.000000,2
26.700001,46.000000,1
27.100000,46.000000,3
26.700001,46.000000,2
26.700001,46.000000,1
27.100000,46.000000,3
26.700001,46.000000,2
26.700001,46.000000,1
27.100000,46.000000,3
26.700001,46.000000,2
26.700001,46.000000,1
27.100000,46.000000,3
26.700001,46.000000,2
26.700001,46.000000,1
27.100000,46.000000,3
26.700001,46.000000,2
26.700001,45.000000,1
27.100000,46.000000,3
26.700001,46.000000,2
26.700001,45.000000,1
27.000000,46.000000,3
26.700001,46.000000,2
26.700001,45.000000,1
26.700001,46.000000,3
26.700001,46.000000,2
26.700001,45.000000,1
26.700001,46.000000,3
26.700001,46.000000,2
26.700001,45.000000,1
26.700001,46.000000,3
26.700001,46.000000,2
26.700001,45.000000,1
26.700001,46.000000,3
26.700001,46.000000,2
26.200001,47.000000,3
27.100000,46.000000,2
26.700001,46.000000,1
26.200001,47.000000,3
27.100000,46.000000,2
26.700001,46.000000,1
26.200001,47.000000,3
27.100000,46.000000,2
26.700001,46.000000,1
26.200001,47.000000,3
27.100000,46.000000,2
26.700001,46.000000,1
26.200001,47.000000,3
27.100000,46.000000,2
26.700001,46.000000,1
26.200001,47.000000,3
27.100000,46.000000,2
26.700001,46.000000,1
26.200001,47.000000,3
27.100000,46.000000,2
26.700001,46.000000,1
26.200001,47.000000,3
27.100000,46.000000,2
26.700001,46.000000,1
26.200001,47.000000,3
27.100000,45.000000,2
26.700001,46.000000,1
26.200001,47.000000,3
27.100000,45.000000,2
26.700001,46.000000,1
26.200001,47.000000,3
27.100000,45.000000,2
26.700001,46.000000,1
26.200001,47.000000,3
27.100000,45.000000,2
26.700001,46.000000,1
26.200001,47.000000,3
27.100000,45.000000,2
26.700001,45.000000,1
26.200001,47.000000,3
27.100000,45.000000,2
26.700001,45.000000,1
26.200001,47.000000,3
27.100000,45.000000,2
26.700001,45.000000,1
26.200001,47.000000,3
27.100000,45.000000,2
26.700001,45.000000,1
26.200001,47.000000,3
27.100000,45.000000,2
26.700001,45.000000,1
27.600000,45.000000,2
26.700001,45.000000,1
26.200001,47.000000,3
27.600000,45.000000,2
26.700001,45.000000,1
26.200001,47.000000,3
27.600000,45.000000,2
26.700001,46.000000,1
26.200001,47.000000,3
27.600000,45.000000,2
26.700001,46.000000,1
26.200001,47.000000,3
27.600000,45.000000,2
26.700001,46.000000,1
26.200001,47.000000,3
27.600000,45.000000,2
26.700001,46.000000,1
26.200001,47.000000,3
27.600000,45.000000,2
26.700001,46.000000,1
26.200001,47.000000,3
27.600000,45.000000,2
26.700001,46.000000,1
26.200001,47.000000,3
27.600000,45.000000,2
26.700001,46.000000,1
26.200001,47.000000,3
27.600000,45.000000,2
26.700001,46.000000,1
26.200001,47.000000,3
27.600000,45.000000,2
26.700001,45.000000,1
26.200001,47.000000,3
27.600000,45.000000,2
26.700001,45.000000,1
26.200001,47.000000,3
27.600000,45.000000,2
26.700001,45.000000,1
26.200001,47.000000,3
27.600000,45.000000,2
26.700001,45.000000,1
26.200001,47.000000,3
27.600000,45.000000,2
26.700001,45.000000,1
26.200001,47.000000,3
27.600000,45.000000,2
26.700001,45.000000,1
26.200001,47.000000,3
27.600000,45.000000,2
26.700001,45.000000,1
26.200001,47.000000,3
28.100000,43.000000,2
23.400000,53.000000,1
23.400000,53.000000,1
23.400000,53.000000,1
23.400000,53.000000,1
23.400000,53.000000,1
23.400000,53.000000,1
23.400000,53.000000,1
23.400000,53.000000,1
23.400000,53.000000,1
23.400000,53.000000,1
23.400000,53.000000,1
23.400000,52.000000,1
23.400000,52.000000,1
23.400000,52.000000,1
23.400000,52.000000,1
23.400000,52.000000,1
23.400000,52.000000,1
23.799999,52.000000,1
23.799999,52.000000,1
23.799999,52.000000,1
23.799999,52.000000,1
23.799999,52.000000,1
23.799999,52.000000,1
